{"Train/loss_u": 0.9651000499725342, "_runtime": 35783, "_timestamp": 1665438085, "_step": 1440, "Train/loss_v": 0.8987735509872437, "Train/loss_w": 0.7921344637870789, "Train/loss_p": 0.0003423723392188549, "Train/loss_continuity": 0.30211055278778076, "Train/loss_momentum_y": 0.09526428580284119, "Train/loss_momentum_z": 0.3560498058795929, "Train/loss_momentum_x": 0.0670948401093483, "Train/loss_normal_dot_vel": 0.36082297563552856, "Train/learning_rate": 0.0006411157223678436, "Train/loss_aggregated": 3.8376924991607666}