{"Train/loss_u": 0.9456871151924133, "_runtime": 21784, "_timestamp": 1665424086, "_step": 890, "Train/loss_v": 1.1983766555786133, "Train/loss_w": 0.826388418674469, "Train/loss_p": 0.0004457660543266684, "Train/loss_continuity": 0.34519195556640625, "Train/loss_momentum_y": 0.09470967948436737, "Train/loss_momentum_z": 0.38417017459869385, "Train/loss_momentum_x": 0.13333193957805634, "Train/loss_normal_dot_vel": 0.3888108432292938, "Train/learning_rate": 0.0007606608711271318, "Train/loss_aggregated": 4.317112445831299}