{"Train/loss_u": 1.312806248664856, "_runtime": 5180, "_timestamp": 1665407482, "_step": 219, "Train/loss_v": 1.0265790224075317, "Train/loss_w": 1.439271092414856, "Train/loss_p": 0.0031693214550614357, "Train/loss_continuity": 0.5506833791732788, "Train/loss_momentum_y": 0.5851820707321167, "Train/loss_momentum_z": 1.0150327682495117, "Train/loss_momentum_x": 0.14583086967468262, "Train/loss_normal_dot_vel": 0.5159738063812256, "Train/learning_rate": 0.0009370909599109616, "Train/loss_aggregated": 6.594529151916504}