{"Train/loss_u": 0.8785883188247681, "_runtime": 62765, "_timestamp": 1665465067, "_step": 2529, "Train/loss_v": 1.0597611665725708, "Train/loss_w": 0.6075456142425537, "Train/loss_p": 0.0003586337552405894, "Train/loss_continuity": 0.2167372852563858, "Train/loss_momentum_y": 0.10462149232625961, "Train/loss_momentum_z": 0.27141237258911133, "Train/loss_momentum_x": 0.07582966238260269, "Train/loss_normal_dot_vel": 0.29157090187072754, "Train/learning_rate": 0.0004569958143072332, "Train/loss_aggregated": 3.506425380706787}