{"Train/loss_u": 1.1475993394851685, "_runtime": 8177, "_timestamp": 1665410479, "_step": 340, "Train/loss_v": 1.0806899070739746, "Train/loss_w": 1.764693260192871, "Train/loss_p": 0.0005854704650118947, "Train/loss_continuity": 0.22021178901195526, "Train/loss_momentum_y": 0.08696278929710388, "Train/loss_momentum_z": 0.7544429302215576, "Train/loss_momentum_x": 0.13692162930965424, "Train/loss_normal_dot_vel": 0.4877302348613739, "Train/learning_rate": 0.0009024969138596572, "Train/loss_aggregated": 5.679836750030518}