{"Train/loss_u": 1.1472268104553223, "_runtime": 84676, "_timestamp": 1665486978, "_step": 3409, "Train/loss_v": 1.2115370035171509, "Train/loss_w": 0.6986953020095825, "Train/loss_p": 0.00016099124331958592, "Train/loss_continuity": 0.2683854103088379, "Train/loss_momentum_y": 0.1359976828098297, "Train/loss_momentum_z": 0.2444620281457901, "Train/loss_momentum_x": 0.10345438122749329, "Train/loss_normal_dot_vel": 0.28023049235343933, "Train/learning_rate": 0.0003476200229154444, "Train/loss_aggregated": 4.090149879455566}