{"Train/loss_u": 0.8754282593727112, "_runtime": 66644, "_timestamp": 1665468946, "_step": 2683, "Train/loss_v": 1.0190364122390747, "Train/loss_w": 0.6003434658050537, "Train/loss_p": 0.001355710905045271, "Train/loss_continuity": 0.4231223464012146, "Train/loss_momentum_y": 0.12028475850820541, "Train/loss_momentum_z": 0.2860046625137329, "Train/loss_momentum_x": 0.08679250627756119, "Train/loss_normal_dot_vel": 0.3005845546722412, "Train/learning_rate": 0.00043563315011660073, "Train/loss_aggregated": 3.7129528522491455}