{"Train/loss_u": 1.1290497779846191, "_runtime": 69114, "_timestamp": 1665471416, "_step": 2782, "Train/loss_v": 1.06546950340271, "Train/loss_w": 0.8029934167861938, "Train/loss_p": 0.0001254626113222912, "Train/loss_continuity": 0.3779997229576111, "Train/loss_momentum_y": 0.17343083024024963, "Train/loss_momentum_z": 0.22610625624656677, "Train/loss_momentum_x": 0.12507623434066772, "Train/loss_normal_dot_vel": 0.32104867696762085, "Train/learning_rate": 0.0004224303215241356, "Train/loss_aggregated": 4.22130012512207}